mean_fit_time,std_fit_time,mean_score_time,std_score_time,param_learning_rate,param_max_depth,param_n_estimators,params,split0_test_score,split1_test_score,split2_test_score,split3_test_score,split4_test_score,mean_test_score,std_test_score,rank_test_score,split0_train_score,split1_train_score,split2_train_score,split3_train_score,split4_train_score,mean_train_score,std_train_score,mean_loss,std_folds,param_set_index
0.02027592658996582,0.0008387296503162079,0.00254974365234375,0.0001765067731414703,0.03,3,50,"{'learning_rate': 0.03, 'max_depth': 3, 'n_estimators': 50}",-0.12400994349104966,-0.12414863901169423,-0.12987165352136945,-0.13347219563676752,-0.12477055352192754,-0.12725459703656167,0.003790850592233732,61,-0.1252210053250526,-0.12258881568004161,-0.123298805045768,-0.12365475870001312,-0.12364568081778356,-0.12368181311373179,0.0008616830876466648,0.12725459703656167,0.003790850592233732,0
0.032767295837402344,0.0013323117937764125,0.002485322952270508,0.00018635113380566473,0.03,3,100,"{'learning_rate': 0.03, 'max_depth': 3, 'n_estimators': 100}",-0.03024742426888305,-0.0305418562048582,-0.036002877445241076,-0.04133846481193517,-0.03154258216973099,-0.0339346409801297,0.0042408185617270585,57,-0.03095757886801077,-0.030169397283765265,-0.030372542714622097,-0.030673514547621506,-0.030552277072179623,-0.03054506209723985,0.00026743566086122724,0.0339346409801297,0.0042408185617270585,1
0.055926275253295896,0.0038121743305190663,0.0034314632415771485,0.0016237349525623616,0.03,3,200,"{'learning_rate': 0.03, 'max_depth': 3, 'n_estimators': 200}",-0.005092784613159245,-0.0049997805975262625,-0.008720913668251607,-0.01157023290525572,-0.005959649082385103,-0.007268672173315588,0.002538043624522771,49,-0.005165324508280846,-0.005035390218016604,-0.00500918761698891,-0.0050683228391678135,-0.005060967556042696,-0.005067838547699374,5.299770437947346e-05,0.007268672173315588,0.002538043624522771,2
0.07093515396118164,0.005405566602610624,0.002380704879760742,0.0004173346421724432,0.03,3,400,"{'learning_rate': 0.03, 'max_depth': 3, 'n_estimators': 400}",-0.003170466592161467,-0.003212798002172626,-0.00596097081423435,-0.008215666686524214,-0.003887236330682604,-0.0048894276851550525,0.0019484543831339316,45,-0.0031620512650378505,-0.0031500694031218247,-0.0031615101986135637,-0.003157988868437514,-0.0031640102381981353,-0.003159125994681778,4.927725165849839e-06,0.0048894276851550525,0.0019484543831339316,3
0.022205400466918945,0.0014408080231266612,0.002205657958984375,0.0003419456214148551,0.03,5,50,"{'learning_rate': 0.03, 'max_depth': 5, 'n_estimators': 50}",-0.12400994349104966,-0.12414863901169423,-0.12987165352136945,-0.13347219563676752,-0.12477055352192754,-0.12725459703656167,0.003790850592233732,61,-0.1252210053250526,-0.12258881568004161,-0.123298805045768,-0.12365475870001312,-0.12364568081778356,-0.12368181311373179,0.0008616830876466648,0.12725459703656167,0.003790850592233732,4
0.037989044189453126,0.002275493921238003,0.0021827220916748047,9.019384616077123e-05,0.03,5,100,"{'learning_rate': 0.03, 'max_depth': 5, 'n_estimators': 100}",-0.03024742426888305,-0.0305418562048582,-0.036002877445241076,-0.04133846481193517,-0.03154258216973099,-0.0339346409801297,0.0042408185617270585,57,-0.03095757886801077,-0.030169397283765265,-0.030372542714622097,-0.030673514547621506,-0.030552277072179623,-0.03054506209723985,0.00026743566086122724,0.0339346409801297,0.0042408185617270585,5
0.05315132141113281,0.002690509648315828,0.0027532577514648438,0.0011103519425876673,0.03,5,200,"{'learning_rate': 0.03, 'max_depth': 5, 'n_estimators': 200}",-0.005092784613159245,-0.0049997805975262625,-0.008720913668251607,-0.01157023290525572,-0.005959649082385103,-0.007268672173315588,0.002538043624522771,49,-0.005165324508280846,-0.005035390218016604,-0.00500918761698891,-0.0050683228391678135,-0.005060967556042696,-0.005067838547699374,5.299770437947346e-05,0.007268672173315588,0.002538043624522771,6
0.07345519065856934,0.002437587992310349,0.002215003967285156,2.3716885139747882e-05,0.03,5,400,"{'learning_rate': 0.03, 'max_depth': 5, 'n_estimators': 400}",-0.003170466592161467,-0.003212798002172626,-0.00596097081423435,-0.008215666686524214,-0.003887236330682604,-0.0048894276851550525,0.0019484543831339316,45,-0.0031620512650378505,-0.0031500694031218247,-0.0031615101986135637,-0.003157988868437514,-0.0031640102381981353,-0.003159125994681778,4.927725165849839e-06,0.0048894276851550525,0.0019484543831339316,7
0.021782445907592773,0.0028828739334926263,0.002042198181152344,7.571606530701395e-05,0.03,7,50,"{'learning_rate': 0.03, 'max_depth': 7, 'n_estimators': 50}",-0.12400994349104966,-0.12414863901169423,-0.12987165352136945,-0.13347219563676752,-0.12477055352192754,-0.12725459703656167,0.003790850592233732,61,-0.1252210053250526,-0.12258881568004161,-0.123298805045768,-0.12365475870001312,-0.12364568081778356,-0.12368181311373179,0.0008616830876466648,0.12725459703656167,0.003790850592233732,8
0.04122328758239746,0.0024972839560393175,0.002071523666381836,4.834823109672388e-05,0.03,7,100,"{'learning_rate': 0.03, 'max_depth': 7, 'n_estimators': 100}",-0.03024742426888305,-0.0305418562048582,-0.036002877445241076,-0.04133846481193517,-0.03154258216973099,-0.0339346409801297,0.0042408185617270585,57,-0.03095757886801077,-0.030169397283765265,-0.030372542714622097,-0.030673514547621506,-0.030552277072179623,-0.03054506209723985,0.00026743566086122724,0.0339346409801297,0.0042408185617270585,9
0.05170507431030273,0.003261468755511204,0.002164745330810547,2.0579597913980016e-05,0.03,7,200,"{'learning_rate': 0.03, 'max_depth': 7, 'n_estimators': 200}",-0.005092784613159245,-0.0049997805975262625,-0.008720913668251607,-0.01157023290525572,-0.005959649082385103,-0.007268672173315588,0.002538043624522771,49,-0.005165324508280846,-0.005035390218016604,-0.00500918761698891,-0.0050683228391678135,-0.005060967556042696,-0.005067838547699374,5.299770437947346e-05,0.007268672173315588,0.002538043624522771,10
0.06853065490722657,0.0027869807596128454,0.0021951675415039064,8.208366307994073e-05,0.03,7,400,"{'learning_rate': 0.03, 'max_depth': 7, 'n_estimators': 400}",-0.003170466592161467,-0.003212798002172626,-0.00596097081423435,-0.008215666686524214,-0.003887236330682604,-0.0048894276851550525,0.0019484543831339316,45,-0.0031620512650378505,-0.0031500694031218247,-0.0031615101986135637,-0.003157988868437514,-0.0031640102381981353,-0.003159125994681778,4.927725165849839e-06,0.0048894276851550525,0.0019484543831339316,11
0.021360015869140624,0.0041282919528131045,0.002031373977661133,4.9683914926226034e-05,0.03,9,50,"{'learning_rate': 0.03, 'max_depth': 9, 'n_estimators': 50}",-0.12400994349104966,-0.12414863901169423,-0.12987165352136945,-0.13347219563676752,-0.12477055352192754,-0.12725459703656167,0.003790850592233732,61,-0.1252210053250526,-0.12258881568004161,-0.123298805045768,-0.12365475870001312,-0.12364568081778356,-0.12368181311373179,0.0008616830876466648,0.12725459703656167,0.003790850592233732,12
0.03697075843811035,0.0031775775198048086,0.0028135299682617186,0.001302108853844112,0.03,9,100,"{'learning_rate': 0.03, 'max_depth': 9, 'n_estimators': 100}",-0.03024742426888305,-0.0305418562048582,-0.036002877445241076,-0.04133846481193517,-0.03154258216973099,-0.0339346409801297,0.0042408185617270585,57,-0.03095757886801077,-0.030169397283765265,-0.030372542714622097,-0.030673514547621506,-0.030552277072179623,-0.03054506209723985,0.00026743566086122724,0.0339346409801297,0.0042408185617270585,13
0.051636791229248045,0.0036633345626964804,0.0028705596923828125,0.0015241196743025517,0.03,9,200,"{'learning_rate': 0.03, 'max_depth': 9, 'n_estimators': 200}",-0.005092784613159245,-0.0049997805975262625,-0.008720913668251607,-0.01157023290525572,-0.005959649082385103,-0.007268672173315588,0.002538043624522771,49,-0.005165324508280846,-0.005035390218016604,-0.00500918761698891,-0.0050683228391678135,-0.005060967556042696,-0.005067838547699374,5.299770437947346e-05,0.007268672173315588,0.002538043624522771,14
0.0643730640411377,0.004281588646886845,0.0021988391876220704,3.175950257882274e-05,0.03,9,400,"{'learning_rate': 0.03, 'max_depth': 9, 'n_estimators': 400}",-0.003170466592161467,-0.003212798002172626,-0.00596097081423435,-0.008215666686524214,-0.003887236330682604,-0.0048894276851550525,0.0019484543831339316,45,-0.0031620512650378505,-0.0031500694031218247,-0.0031615101986135637,-0.003157988868437514,-0.0031640102381981353,-0.003159125994681778,4.927725165849839e-06,0.0048894276851550525,0.0019484543831339316,15
0.022205829620361328,0.002541337957829502,0.0020892143249511717,2.5633445773888258e-05,0.1,3,50,"{'learning_rate': 0.1, 'max_depth': 3, 'n_estimators': 50}",-0.007835206291781674,-0.007785394604043999,-0.011706281784054574,-0.016274323053464216,-0.008623667063066378,-0.010444974559282168,0.003248803371274248,53,-0.007892424452775982,-0.007684172890644653,-0.0077425134111359,-0.007839454355950739,-0.007758362240788974,-0.00778338547025925,7.37197976595932e-05,0.010444974559282168,0.003248803371274248,16
0.024528312683105468,0.0015519662317496868,0.002074527740478516,5.741155028628597e-05,0.1,3,100,"{'learning_rate': 0.1, 'max_depth': 3, 'n_estimators': 100}",-0.0031472995345990574,-0.0032585532028744377,-0.005611682883748311,-0.008392565280376208,-0.0037496374008617202,-0.004831947660491946,0.001988516521372336,41,-0.0031034430118716807,-0.0031315967772201233,-0.003078778425486694,-0.0031176857243549938,-0.0031089222820365444,-0.0031080852441940066,1.7470557979568146e-05,0.004831947660491946,0.001988516521372336,17
0.03163557052612305,0.006172304129357875,0.0020875453948974608,8.070648859065917e-05,0.1,3,200,"{'learning_rate': 0.1, 'max_depth': 3, 'n_estimators': 200}",-0.003149853935096051,-0.003260484123942252,-0.005608097540329709,-0.008381579425781095,-0.0037492336378437503,-0.004829849732598571,0.0019836067604832993,37,-0.0031034088582007026,-0.003131578402825326,-0.003078776873311962,-0.003117684014757839,-0.00310890829172775,-0.003108071288164716,1.746763018798096e-05,0.004829849732598571,0.0019836067604832993,18
0.0448298454284668,0.005483558799481419,0.002450704574584961,0.0005628377649781255,0.1,3,400,"{'learning_rate': 0.1, 'max_depth': 3, 'n_estimators': 400}",-0.003149861570440074,-0.0032604891843363696,-0.0056080596719041125,-0.008381462650273303,-0.0037492270998660078,-0.004829820035363973,0.0019835605890431833,33,-0.0031034076568746778,-0.003131576835431281,-0.003078773954879983,-0.0031176820889103397,-0.0031089063563548595,-0.003108069378490228,1.7468020828513172e-05,0.004829820035363973,0.0019835605890431833,19
0.022009992599487306,0.004387970391523463,0.0020676136016845705,7.609690613794826e-05,0.1,5,50,"{'learning_rate': 0.1, 'max_depth': 5, 'n_estimators': 50}",-0.007835206291781674,-0.007785394604043999,-0.011706281784054574,-0.016274323053464216,-0.008623667063066378,-0.010444974559282168,0.003248803371274248,53,-0.007892424452775982,-0.007684172890644653,-0.0077425134111359,-0.007839454355950739,-0.007758362240788974,-0.00778338547025925,7.37197976595932e-05,0.010444974559282168,0.003248803371274248,20
0.02537117004394531,0.0019639196966042623,0.0021018028259277345,2.0176805270758036e-05,0.1,5,100,"{'learning_rate': 0.1, 'max_depth': 5, 'n_estimators': 100}",-0.0031472995345990574,-0.0032585532028744377,-0.005611682883748311,-0.008392565280376208,-0.0037496374008617202,-0.004831947660491946,0.001988516521372336,41,-0.0031034430118716807,-0.0031315967772201233,-0.003078778425486694,-0.0031176857243549938,-0.0031089222820365444,-0.0031080852441940066,1.7470557979568146e-05,0.004831947660491946,0.001988516521372336,21
0.03209972381591797,0.0013177821183697905,0.0021308422088623046,5.327481155424833e-05,0.1,5,200,"{'learning_rate': 0.1, 'max_depth': 5, 'n_estimators': 200}",-0.003149853935096051,-0.003260484123942252,-0.005608097540329709,-0.008381579425781095,-0.0037492336378437503,-0.004829849732598571,0.0019836067604832993,37,-0.0031034088582007026,-0.003131578402825326,-0.003078776873311962,-0.003117684014757839,-0.00310890829172775,-0.003108071288164716,1.746763018798096e-05,0.004829849732598571,0.0019836067604832993,22
0.04507803916931152,0.003967170366932817,0.002719402313232422,0.0011371713182457702,0.1,5,400,"{'learning_rate': 0.1, 'max_depth': 5, 'n_estimators': 400}",-0.003149861570440074,-0.0032604891843363696,-0.0056080596719041125,-0.008381462650273303,-0.0037492270998660078,-0.004829820035363973,0.0019835605890431833,33,-0.0031034076568746778,-0.003131576835431281,-0.003078773954879983,-0.0031176820889103397,-0.0031089063563548595,-0.003108069378490228,1.7468020828513172e-05,0.004829820035363973,0.0019835605890431833,23
0.0230010986328125,0.0014922744119950128,0.0021280765533447264,1.5763345059706765e-05,0.1,7,50,"{'learning_rate': 0.1, 'max_depth': 7, 'n_estimators': 50}",-0.007835206291781674,-0.007785394604043999,-0.011706281784054574,-0.016274323053464216,-0.008623667063066378,-0.010444974559282168,0.003248803371274248,53,-0.007892424452775982,-0.007684172890644653,-0.0077425134111359,-0.007839454355950739,-0.007758362240788974,-0.00778338547025925,7.37197976595932e-05,0.010444974559282168,0.003248803371274248,24
0.024719095230102538,0.0023592493168189048,0.0023482799530029296,0.000514447378429849,0.1,7,100,"{'learning_rate': 0.1, 'max_depth': 7, 'n_estimators': 100}",-0.0031472995345990574,-0.0032585532028744377,-0.005611682883748311,-0.008392565280376208,-0.0037496374008617202,-0.004831947660491946,0.001988516521372336,41,-0.0031034430118716807,-0.0031315967772201233,-0.003078778425486694,-0.0031176857243549938,-0.0031089222820365444,-0.0031080852441940066,1.7470557979568146e-05,0.004831947660491946,0.001988516521372336,25
0.0312774658203125,0.0048751986045173145,0.002069568634033203,9.49791633899942e-05,0.1,7,200,"{'learning_rate': 0.1, 'max_depth': 7, 'n_estimators': 200}",-0.003149853935096051,-0.003260484123942252,-0.005608097540329709,-0.008381579425781095,-0.0037492336378437503,-0.004829849732598571,0.0019836067604832993,37,-0.0031034088582007026,-0.003131578402825326,-0.003078776873311962,-0.003117684014757839,-0.00310890829172775,-0.003108071288164716,1.746763018798096e-05,0.004829849732598571,0.0019836067604832993,26
0.04108924865722656,0.003948737611040357,0.0021358013153076174,8.395711804245732e-05,0.1,7,400,"{'learning_rate': 0.1, 'max_depth': 7, 'n_estimators': 400}",-0.003149861570440074,-0.0032604891843363696,-0.0056080596719041125,-0.008381462650273303,-0.0037492270998660078,-0.004829820035363973,0.0019835605890431833,33,-0.0031034076568746778,-0.003131576835431281,-0.003078773954879983,-0.0031176820889103397,-0.0031089063563548595,-0.003108069378490228,1.7468020828513172e-05,0.004829820035363973,0.0019835605890431833,27
0.02104792594909668,0.004201271670970684,0.002639961242675781,0.0010953251917961459,0.1,9,50,"{'learning_rate': 0.1, 'max_depth': 9, 'n_estimators': 50}",-0.007835206291781674,-0.007785394604043999,-0.011706281784054574,-0.016274323053464216,-0.008623667063066378,-0.010444974559282168,0.003248803371274248,53,-0.007892424452775982,-0.007684172890644653,-0.0077425134111359,-0.007839454355950739,-0.007758362240788974,-0.00778338547025925,7.37197976595932e-05,0.010444974559282168,0.003248803371274248,28
0.021938228607177736,0.0015026005459959555,0.0026740074157714845,0.0011031219558554407,0.1,9,100,"{'learning_rate': 0.1, 'max_depth': 9, 'n_estimators': 100}",-0.0031472995345990574,-0.0032585532028744377,-0.005611682883748311,-0.008392565280376208,-0.0037496374008617202,-0.004831947660491946,0.001988516521372336,41,-0.0031034430118716807,-0.0031315967772201233,-0.003078778425486694,-0.0031176857243549938,-0.0031089222820365444,-0.0031080852441940066,1.7470557979568146e-05,0.004831947660491946,0.001988516521372336,29
0.030581903457641602,0.002517293507067708,0.0026414871215820314,0.0010094668136514024,0.1,9,200,"{'learning_rate': 0.1, 'max_depth': 9, 'n_estimators': 200}",-0.003149853935096051,-0.003260484123942252,-0.005608097540329709,-0.008381579425781095,-0.0037492336378437503,-0.004829849732598571,0.0019836067604832993,37,-0.0031034088582007026,-0.003131578402825326,-0.003078776873311962,-0.003117684014757839,-0.00310890829172775,-0.003108071288164716,1.746763018798096e-05,0.004829849732598571,0.0019836067604832993,30
0.045813369750976565,0.002881906187909414,0.0037738800048828123,0.0020072128209555353,0.1,9,400,"{'learning_rate': 0.1, 'max_depth': 9, 'n_estimators': 400}",-0.003149861570440074,-0.0032604891843363696,-0.0056080596719041125,-0.008381462650273303,-0.0037492270998660078,-0.004829820035363973,0.0019835605890431833,33,-0.0031034076568746778,-0.003131576835431281,-0.003078773954879983,-0.0031176820889103397,-0.0031089063563548595,-0.003108069378490228,1.7468020828513172e-05,0.004829820035363973,0.0019835605890431833,31
0.015788936614990236,0.005775626395969838,0.0020289897918701174,7.965284629197083e-05,0.2,3,50,"{'learning_rate': 0.2, 'max_depth': 3, 'n_estimators': 50}",-0.002978111330099723,-0.003705265432412732,-0.0057395896578719355,-0.007606318964351369,-0.0035508157460986704,-0.004716020226166886,0.0017205333616044322,17,-0.0029947871419026785,-0.0031290455705217145,-0.0030714373555610244,-0.0031071209325327902,-0.0031447964515086066,-0.003089437490405363,5.33456878041737e-05,0.004716020226166886,0.0017205333616044322,32
0.01830778121948242,0.00454954753796676,0.002026987075805664,0.00011312858824268294,0.2,3,100,"{'learning_rate': 0.2, 'max_depth': 3, 'n_estimators': 100}",-0.0029804168788410924,-0.0037085604383645513,-0.005736532668988546,-0.007604480416535197,-0.0035511612543150917,-0.004716230331408896,0.0017186528633884245,29,-0.002994759296883375,-0.003129049375422889,-0.0030714254642547957,-0.0031071246520957135,-0.0031447917110039693,-0.0030894300999321487,5.335619927041602e-05,0.004716230331408896,0.0017186528633884245,33
0.02696399688720703,0.005147527866928684,0.002329587936401367,0.00041714866340585423,0.2,3,200,"{'learning_rate': 0.2, 'max_depth': 3, 'n_estimators': 200}",-0.00298041549110322,-0.0037085575093998235,-0.0057365129251357085,-0.007604431719930661,-0.0035511592227262844,-0.004716215373659139,0.0017186350511339149,25,-0.002994756613380692,-0.003129049133051162,-0.003071424893586775,-0.0031071239103712066,-0.0031447903770458864,-0.003089428985487144,5.335682805487415e-05,0.004716215373659139,0.0017186350511339149,34
0.038122367858886716,0.0035383356535556537,0.002132081985473633,5.344546919565468e-05,0.2,3,400,"{'learning_rate': 0.2, 'max_depth': 3, 'n_estimators': 400}",-0.00298041549110322,-0.0037085581788902046,-0.005736476477015647,-0.007604335323953102,-0.0035511592227262844,-0.004716188938737691,0.0017185982457858752,21,-0.002994756613380692,-0.0031290501607092345,-0.003071424893586775,-0.0031071239103712066,-0.0031447903770458864,-0.003089429191018759,5.335698067387403e-05,0.004716188938737691,0.0017185982457858752,35
0.01617398262023926,0.005986891060284314,0.0019516944885253906,0.00017569149053111316,0.2,5,50,"{'learning_rate': 0.2, 'max_depth': 5, 'n_estimators': 50}",-0.002978111330099723,-0.003705265432412732,-0.0057395896578719355,-0.007606318964351369,-0.0035508157460986704,-0.004716020226166886,0.0017205333616044322,17,-0.0029947871419026785,-0.0031290455705217145,-0.0030714373555610244,-0.0031071209325327902,-0.0031447964515086066,-0.003089437490405363,5.33456878041737e-05,0.004716020226166886,0.0017205333616044322,36
0.016523456573486327,0.003247656817692342,0.0026576995849609377,0.0014020804400975224,0.2,5,100,"{'learning_rate': 0.2, 'max_depth': 5, 'n_estimators': 100}",-0.0029804168788410924,-0.0037085604383645513,-0.005736532668988546,-0.007604480416535197,-0.0035511612543150917,-0.004716230331408896,0.0017186528633884245,29,-0.002994759296883375,-0.003129049375422889,-0.0030714254642547957,-0.0031071246520957135,-0.0031447917110039693,-0.0030894300999321487,5.335619927041602e-05,0.004716230331408896,0.0017186528633884245,37
0.023662376403808593,0.003287105787406249,0.00206146240234375,0.00011089940705212311,0.2,5,200,"{'learning_rate': 0.2, 'max_depth': 5, 'n_estimators': 200}",-0.00298041549110322,-0.0037085575093998235,-0.0057365129251357085,-0.007604431719930661,-0.0035511592227262844,-0.004716215373659139,0.0017186350511339149,25,-0.002994756613380692,-0.003129049133051162,-0.003071424893586775,-0.0031071239103712066,-0.0031447903770458864,-0.003089428985487144,5.335682805487415e-05,0.004716215373659139,0.0017186350511339149,38
0.03911137580871582,0.006516062494863141,0.0021620750427246093,7.54104962992121e-05,0.2,5,400,"{'learning_rate': 0.2, 'max_depth': 5, 'n_estimators': 400}",-0.00298041549110322,-0.0037085581788902046,-0.005736476477015647,-0.007604335323953102,-0.0035511592227262844,-0.004716188938737691,0.0017185982457858752,21,-0.002994756613380692,-0.0031290501607092345,-0.003071424893586775,-0.0031071239103712066,-0.0031447903770458864,-0.003089429191018759,5.335698067387403e-05,0.004716188938737691,0.0017185982457858752,39
0.017462635040283205,0.005179902859512297,0.0020246028900146483,0.00012704049812436075,0.2,7,50,"{'learning_rate': 0.2, 'max_depth': 7, 'n_estimators': 50}",-0.002978111330099723,-0.003705265432412732,-0.0057395896578719355,-0.007606318964351369,-0.0035508157460986704,-0.004716020226166886,0.0017205333616044322,17,-0.0029947871419026785,-0.0031290455705217145,-0.0030714373555610244,-0.0031071209325327902,-0.0031447964515086066,-0.003089437490405363,5.33456878041737e-05,0.004716020226166886,0.0017205333616044322,40
0.016661405563354492,0.00402635647882301,0.002040672302246094,9.066157944512531e-05,0.2,7,100,"{'learning_rate': 0.2, 'max_depth': 7, 'n_estimators': 100}",-0.0029804168788410924,-0.0037085604383645513,-0.005736532668988546,-0.007604480416535197,-0.0035511612543150917,-0.004716230331408896,0.0017186528633884245,29,-0.002994759296883375,-0.003129049375422889,-0.0030714254642547957,-0.0031071246520957135,-0.0031447917110039693,-0.0030894300999321487,5.335619927041602e-05,0.004716230331408896,0.0017186528633884245,41
0.02619204521179199,0.004813777549250876,0.002727842330932617,0.0013470718046031949,0.2,7,200,"{'learning_rate': 0.2, 'max_depth': 7, 'n_estimators': 200}",-0.00298041549110322,-0.0037085575093998235,-0.0057365129251357085,-0.007604431719930661,-0.0035511592227262844,-0.004716215373659139,0.0017186350511339149,25,-0.002994756613380692,-0.003129049133051162,-0.003071424893586775,-0.0031071239103712066,-0.0031447903770458864,-0.003089428985487144,5.335682805487415e-05,0.004716215373659139,0.0017186350511339149,42
0.03721036911010742,0.002431979899612264,0.002134227752685547,8.07096157232438e-05,0.2,7,400,"{'learning_rate': 0.2, 'max_depth': 7, 'n_estimators': 400}",-0.00298041549110322,-0.0037085581788902046,-0.005736476477015647,-0.007604335323953102,-0.0035511592227262844,-0.004716188938737691,0.0017185982457858752,21,-0.002994756613380692,-0.0031290501607092345,-0.003071424893586775,-0.0031071239103712066,-0.0031447903770458864,-0.003089429191018759,5.335698067387403e-05,0.004716188938737691,0.0017185982457858752,43
0.016306734085083006,0.00353654779276611,0.002059602737426758,8.712972314593168e-05,0.2,9,50,"{'learning_rate': 0.2, 'max_depth': 9, 'n_estimators': 50}",-0.002978111330099723,-0.003705265432412732,-0.0057395896578719355,-0.007606318964351369,-0.0035508157460986704,-0.004716020226166886,0.0017205333616044322,17,-0.0029947871419026785,-0.0031290455705217145,-0.0030714373555610244,-0.0031071209325327902,-0.0031447964515086066,-0.003089437490405363,5.33456878041737e-05,0.004716020226166886,0.0017205333616044322,44
0.018935394287109376,0.005093121219191711,0.002012968063354492,0.00011165088856676425,0.2,9,100,"{'learning_rate': 0.2, 'max_depth': 9, 'n_estimators': 100}",-0.0029804168788410924,-0.0037085604383645513,-0.005736532668988546,-0.007604480416535197,-0.0035511612543150917,-0.004716230331408896,0.0017186528633884245,29,-0.002994759296883375,-0.003129049375422889,-0.0030714254642547957,-0.0031071246520957135,-0.0031447917110039693,-0.0030894300999321487,5.335619927041602e-05,0.004716230331408896,0.0017186528633884245,45
0.026680135726928712,0.00510495970243242,0.002062416076660156,0.00011119936587686712,0.2,9,200,"{'learning_rate': 0.2, 'max_depth': 9, 'n_estimators': 200}",-0.00298041549110322,-0.0037085575093998235,-0.0057365129251357085,-0.007604431719930661,-0.0035511592227262844,-0.004716215373659139,0.0017186350511339149,25,-0.002994756613380692,-0.003129049133051162,-0.003071424893586775,-0.0031071239103712066,-0.0031447903770458864,-0.003089428985487144,5.335682805487415e-05,0.004716215373659139,0.0017186350511339149,46
0.03881139755249023,0.004121483297708717,0.002794790267944336,0.001270644657586531,0.2,9,400,"{'learning_rate': 0.2, 'max_depth': 9, 'n_estimators': 400}",-0.00298041549110322,-0.0037085581788902046,-0.005736476477015647,-0.007604335323953102,-0.0035511592227262844,-0.004716188938737691,0.0017185982457858752,21,-0.002994756613380692,-0.0031290501607092345,-0.003071424893586775,-0.0031071239103712066,-0.0031447903770458864,-0.003089429191018759,5.335698067387403e-05,0.004716188938737691,0.0017185982457858752,47
0.01230325698852539,0.0029239632674306717,0.002421855926513672,0.0009351835453525028,0.3,3,50,"{'learning_rate': 0.3, 'max_depth': 3, 'n_estimators': 50}",-0.0031756747035522554,-0.0030863699525688496,-0.005797980936777783,-0.007669579889074768,-0.003431291440241637,-0.004632179384443059,0.001818678620571508,13,-0.0030906588174596005,-0.0030232124395016603,-0.0029648881501720607,-0.0029714208690532385,-0.003021163627892234,-0.003014268780815759,4.524899086283234e-05,0.004632179384443059,0.001818678620571508,48
0.01675701141357422,0.003841472008770712,0.001982879638671875,8.97738115105681e-05,0.3,3,100,"{'learning_rate': 0.3, 'max_depth': 3, 'n_estimators': 100}",-0.0031757199997202432,-0.0030864508610267847,-0.005797853717297649,-0.007669443564607528,-0.003431257958284918,-0.0046321452201874246,0.0018186001882660012,9,-0.0030906539677610454,-0.0030232219542851153,-0.0029649024472634894,-0.0029714360917286057,-0.003021154912644431,-0.003014273874736537,4.524146090587952e-05,0.0046321452201874246,0.0018186001882660012,49
0.021999025344848634,0.003990027521196902,0.0019640445709228514,0.00010189993335744051,0.3,3,200,"{'learning_rate': 0.3, 'max_depth': 3, 'n_estimators': 200}",-0.0031757199997202432,-0.0030864508610267847,-0.005797834026922438,-0.007669399680347695,-0.003431257958284918,-0.004632132505260416,0.0018185830055103896,5,-0.0030906539677610454,-0.0030232219542851153,-0.0029649024472634894,-0.0029714360917286057,-0.003021154912644431,-0.003014273874736537,4.524146090587952e-05,0.004632132505260416,0.0018185830055103896,50
0.032569503784179686,0.0030776382595032034,0.0026177406311035157,0.0011444681629239617,0.3,3,400,"{'learning_rate': 0.3, 'max_depth': 3, 'n_estimators': 400}",-0.0031757199997202432,-0.0030864508610267847,-0.005797795151235576,-0.007669311002045423,-0.003431257958284918,-0.004632106994462588,0.001818548400867529,1,-0.0030906539677610454,-0.0030232219542851153,-0.0029649024472634894,-0.0029714360917286057,-0.003021154912644431,-0.003014273874736537,4.524146090587952e-05,0.004632106994462588,0.001818548400867529,51
0.016269350051879884,0.004866936274628264,0.002028656005859375,0.00010027108817653464,0.3,5,50,"{'learning_rate': 0.3, 'max_depth': 5, 'n_estimators': 50}",-0.0031756747035522554,-0.0030863699525688496,-0.005797980936777783,-0.007669579889074768,-0.003431291440241637,-0.004632179384443059,0.001818678620571508,13,-0.0030906588174596005,-0.0030232124395016603,-0.0029648881501720607,-0.0029714208690532385,-0.003021163627892234,-0.003014268780815759,4.524899086283234e-05,0.004632179384443059,0.001818678620571508,52
0.017171573638916016,0.0029541409741151423,0.00204925537109375,7.915631833131591e-05,0.3,5,100,"{'learning_rate': 0.3, 'max_depth': 5, 'n_estimators': 100}",-0.0031757199997202432,-0.0030864508610267847,-0.005797853717297649,-0.007669443564607528,-0.003431257958284918,-0.0046321452201874246,0.0018186001882660012,9,-0.0030906539677610454,-0.0030232219542851153,-0.0029649024472634894,-0.0029714360917286057,-0.003021154912644431,-0.003014273874736537,4.524146090587952e-05,0.0046321452201874246,0.0018186001882660012,53
0.023383045196533205,0.003300602407882512,0.002090740203857422,8.663179799881245e-05,0.3,5,200,"{'learning_rate': 0.3, 'max_depth': 5, 'n_estimators': 200}",-0.0031757199997202432,-0.0030864508610267847,-0.005797834026922438,-0.007669399680347695,-0.003431257958284918,-0.004632132505260416,0.0018185830055103896,5,-0.0030906539677610454,-0.0030232219542851153,-0.0029649024472634894,-0.0029714360917286057,-0.003021154912644431,-0.003014273874736537,4.524146090587952e-05,0.004632132505260416,0.0018185830055103896,54
0.03907685279846192,0.004230930012555382,0.002110004425048828,5.818683454345533e-05,0.3,5,400,"{'learning_rate': 0.3, 'max_depth': 5, 'n_estimators': 400}",-0.0031757199997202432,-0.0030864508610267847,-0.005797795151235576,-0.007669311002045423,-0.003431257958284918,-0.004632106994462588,0.001818548400867529,1,-0.0030906539677610454,-0.0030232219542851153,-0.0029649024472634894,-0.0029714360917286057,-0.003021154912644431,-0.003014273874736537,4.524146090587952e-05,0.004632106994462588,0.001818548400867529,55
0.014605951309204102,0.004927332482417111,0.0020230293273925783,0.00015739147196944654,0.3,7,50,"{'learning_rate': 0.3, 'max_depth': 7, 'n_estimators': 50}",-0.0031756747035522554,-0.0030863699525688496,-0.005797980936777783,-0.007669579889074768,-0.003431291440241637,-0.004632179384443059,0.001818678620571508,13,-0.0030906588174596005,-0.0030232124395016603,-0.0029648881501720607,-0.0029714208690532385,-0.003021163627892234,-0.003014268780815759,4.524899086283234e-05,0.004632179384443059,0.001818678620571508,56
0.016109514236450195,0.003936720241818351,0.0020038127899169923,0.00010505639216760078,0.3,7,100,"{'learning_rate': 0.3, 'max_depth': 7, 'n_estimators': 100}",-0.0031757199997202432,-0.0030864508610267847,-0.005797853717297649,-0.007669443564607528,-0.003431257958284918,-0.0046321452201874246,0.0018186001882660012,9,-0.0030906539677610454,-0.0030232219542851153,-0.0029649024472634894,-0.0029714360917286057,-0.003021154912644431,-0.003014273874736537,4.524146090587952e-05,0.0046321452201874246,0.0018186001882660012,57
0.023632192611694337,0.00473734188402665,0.0026260852813720704,0.0010351312847187324,0.3,7,200,"{'learning_rate': 0.3, 'max_depth': 7, 'n_estimators': 200}",-0.0031757199997202432,-0.0030864508610267847,-0.005797834026922438,-0.007669399680347695,-0.003431257958284918,-0.004632132505260416,0.0018185830055103896,5,-0.0030906539677610454,-0.0030232219542851153,-0.0029649024472634894,-0.0029714360917286057,-0.003021154912644431,-0.003014273874736537,4.524146090587952e-05,0.004632132505260416,0.0018185830055103896,58
0.0319976806640625,0.002875344421093471,0.001940011978149414,0.00024602015655948093,0.3,7,400,"{'learning_rate': 0.3, 'max_depth': 7, 'n_estimators': 400}",-0.0031757199997202432,-0.0030864508610267847,-0.005797795151235576,-0.007669311002045423,-0.003431257958284918,-0.004632106994462588,0.001818548400867529,1,-0.0030906539677610454,-0.0030232219542851153,-0.0029649024472634894,-0.0029714360917286057,-0.003021154912644431,-0.003014273874736537,4.524146090587952e-05,0.004632106994462588,0.001818548400867529,59
0.013348817825317383,0.0042404689253567,0.0019774436950683594,0.0001754863103700578,0.3,9,50,"{'learning_rate': 0.3, 'max_depth': 9, 'n_estimators': 50}",-0.0031756747035522554,-0.0030863699525688496,-0.005797980936777783,-0.007669579889074768,-0.003431291440241637,-0.004632179384443059,0.001818678620571508,13,-0.0030906588174596005,-0.0030232124395016603,-0.0029648881501720607,-0.0029714208690532385,-0.003021163627892234,-0.003014268780815759,4.524899086283234e-05,0.004632179384443059,0.001818678620571508,60
0.01962871551513672,0.002755450867370431,0.0027867794036865235,0.0008878449821409457,0.3,9,100,"{'learning_rate': 0.3, 'max_depth': 9, 'n_estimators': 100}",-0.0031757199997202432,-0.0030864508610267847,-0.005797853717297649,-0.007669443564607528,-0.003431257958284918,-0.0046321452201874246,0.0018186001882660012,9,-0.0030906539677610454,-0.0030232219542851153,-0.0029649024472634894,-0.0029714360917286057,-0.003021154912644431,-0.003014273874736537,4.524146090587952e-05,0.0046321452201874246,0.0018186001882660012,61
0.02639622688293457,0.0018962396490088745,0.0021263599395751954,4.3559433267970256e-05,0.3,9,200,"{'learning_rate': 0.3, 'max_depth': 9, 'n_estimators': 200}",-0.0031757199997202432,-0.0030864508610267847,-0.005797834026922438,-0.007669399680347695,-0.003431257958284918,-0.004632132505260416,0.0018185830055103896,5,-0.0030906539677610454,-0.0030232219542851153,-0.0029649024472634894,-0.0029714360917286057,-0.003021154912644431,-0.003014273874736537,4.524146090587952e-05,0.004632132505260416,0.0018185830055103896,62
0.03754305839538574,0.0010791050663742567,0.0021092891693115234,8.470257503504956e-05,0.3,9,400,"{'learning_rate': 0.3, 'max_depth': 9, 'n_estimators': 400}",-0.0031757199997202432,-0.0030864508610267847,-0.005797795151235576,-0.007669311002045423,-0.003431257958284918,-0.004632106994462588,0.001818548400867529,1,-0.0030906539677610454,-0.0030232219542851153,-0.0029649024472634894,-0.0029714360917286057,-0.003021154912644431,-0.003014273874736537,4.524146090587952e-05,0.004632106994462588,0.001818548400867529,63
